"77544725950","147769021","4989596718","153","211 وثاق میدان واحد 416, روستای آتنا, فارس 6767"
"77544725950","612517249","6421005424","157","0049 تحسینی کوچه سوئیت 277, شهر نيايش, خراسان جنوبی 610"
"26294078308","948076849","3137509890","127","30613 رسته بلوار, شمال علی اكبر, سمنان 4292945464"
"26294078308","453455486","2189169218","178","2809 لاچینی چهار راه, شهرستان مهدي, بوشهر 667"
"89489374040","884516179","9119102305","179","203 عبدالعلی دره سوئیت 553, باغات آرتين, مازندران 5347"
"89489374040","900138744","7430096670","116","98001 محمد مهدی بلوار واحد 581, جنوب حسام, تهران 7358"
"46616748495","115824390","4625186751","238","940 حسنی پل, شهر ملیكا, خراسان 76080"
"53852970623","696632001","9972737926","262","14977 يوسف بزرگ راه واحد 624, شهرستان عرفان, سیستان و بلوچستان 316103"
"53852970623","431017124","8463826068","293","6815 عقیلی پل, غرب عباس, کرمانشاه 744"
"55158845767","59677440","8559765989","123","11598 پارسا جاده, بندر كوثر, بوشهر 321119"
"17939864931","435884326","9128551696","285","1874 زنجانی بلوار, غرب کوثر, سمنان 9013"
"17939864931","674423684","4337856874","297","304 احسان کوچه, روستای مليکا, البرز 687"
"10836598581","606275322","2931948811","186","953 نازنین زهرا تقاطع, شهرستان مهديس, کرمان 6255"
"10836598581","239209851","4304145523","168","470 سرخوشیان جاده, غرب محمدپارسا, تهران 0307"
"91763548751","918399683","3481092327","269","21675 گلپایگانی کوه, شرق حسام, اردبیل 89790"
"91763548751","304561605","6634488871","221","416 الناز جزیره, غرب محدثه, یزد 63833"
"35906781337","464690714","8072041161","208","515 كوثر چهار راه, دهستان محمد, کهگیلویه و بویراحمد 70536"
"35906781337","663454678","8071462838","267","15158 ملیكا خیابان واحد 352, دهستان نازنين, تهران 8114"
"47515815408","155237554","4710428632","230","0639 سغیری دره سوئیت 723, شمال رقيه, کهگیلویه و بویراحمد 99464"
"32872003105","418535456","3755978533","253","21705 ماهان میدان, جنوب کيان, سیستان و بلوچستان 8627527353"
"32872003105","552618997","2835490078","233","874 دادفر پل واحد 748, شمال ماهان, ایلام 2991"
"31876830391","386175153","7459456553","258","982 طاها تونل واحد 420, جنوب آرتين, آذربایجان غربی 085511"
"81878779006","843186161","5335927926","202","61020 ملکیان جنب واحد 489, شمال الینا, گیلان 4153234450"
"16270661157","660719846","6262092058","240","77686 محمدمهدي کوچه, استان ياسمين, مرکزی 494"
"16270661157","402795415","6221102867","174","40807 پارسا بزرگ راه سوئیت 070, روستای حلما, کرمان 851407"
"46868635368","350811782","6877088230","179","237 پویان پل, شهرستان فاطمياسارينا, لرستان 477"
"92722593120","843844047","1279288912","273","1856 ولاشجردی دره واحد 538, شرق مبينا, مرکزی 762"
"92722593120","543632288","1470231006","161","552 زمانی پل, باغات اميرعلي, آذربایجان شرقی 3758"
"89111910196","978162576","5791100191","80","40057 آوا جنب واحد 968, روستای احسان, ایلام 0088264717"
"21315319061","317601676","6730925993","242","536 اميرعلي بن بست سوئیت 620, شرق محمدیاسین, مرکزی 1150"
"89730462994","683835006","4472062227","168","8311 مهدیان پل سوئیت 240, شهرستان پرهام, لرستان 7222005266"
"89730462994","218847256","7805125610","122","1020 آرش آزاد راه سوئیت 959, دهستان مائده, آذربایجان غربی 158"
"83725168934","140063655","2525790743","119","67998 بهمنی کوه واحد 003, شهر پرهام, مازندران 256962"
"94481623211","537395942","6678524475","205","96147 سمسار چهار راه, روستای مهدیه, ایلام 486163"
"94481623211","883099078","7737024618","173","0282 وثاق جاده, استان محمدحسین, کرمان 702"
"61194432778","348219272","1769262876","217","228 عرفان بن بست, دهستان مهدیه, ایلام 686841"
"61194432778","725336593","8292430385","234","1866 نعمتی پل, استان محمدحسين, اردبیل 84679"
"43490377172","291479043","6680965321","294","32716 ظفری بزرگ راه واحد 090, شمال نيايش, فارس 007622"
"43490377172","53657396","2043836754","130","22583 هانیه تونل واحد 010, شهرستان ابوالفضل, گیلان 0006251693"
"12177433132","507658619","7251992145","84","689 منصوری کوه, روستای محمدياسين, مرکزی 9418399866"
"12177433132","145944235","6693765450","182","3968 یزدی چهار راه سوئیت 595, شرق فاطمياسارينا, کهگیلویه و بویراحمد 971"
"30560768829","365326068","8004300296","287","70693 الینا بلوار واحد 895, استان عرشیا, کرمانشاه 366900"
"30560768829","98374465","8253383557","277","0968 شاکری خیابان واحد 829, استان علی, خراسان رضوی 231"
"78643759411","628320447","5484732792","247","07086 مبين میدان, شهر معصومه, ایلام 070334"
"78106652139","439921299","6973938032","179","228 صنایعی بلوار, دهستان معصومه, کرمان 356273"
"78106652139","164094119","3287467839","170","08829 کيان جزیره واحد 199, شمال آتنا, خراسان جنوبی 3238"
"26209475402","984317169","8362571676","109","027 علی اصغر جاده, بندر محمدرضا, چهارمحال و بختیاری 262491"
"26209475402","380393152","7890725525","151","263 مهدیس خیابان واحد 063, شرق سارینا, کرمان 9989746453"
"72639553380","997252190","7318169355","246","8850 محمد طاها میدان, بندر علي, یزد 4073518402"
"90906710369","114657326","1153111900","134","119 آريا کوچه, شمال هانیه, ایلام 21462"
"47786979049","650894103","6869008125","91","0836 جعفر پور چهار راه, شمال آرمين, مازندران 028560"
"72871767351","827861870","9880067523","217","112 محدثه دره واحد 517, شهر ساميار, تهران 9746145493"
"27097019058","349751336","5436940544","86","9333 علی رضا تقاطع, دهستان مهسا, خراسان شمالی 623"
"27097019058","477428811","5923292058","256","4120 کریمی پل سوئیت 804, غرب عرشیا, هرمزگان 978"
"83505011623","477538290","4816506069","204","7144 لاچینی بن بست, روستای مهدی, مازندران 051"
"19638421677","850768140","6572994443","228","8794 آرش چهار راه سوئیت 709, شهرستان ماهان, خراسان جنوبی 317"
"92397493597","856355140","4150907826","133","88501 محمد پور کوچه سوئیت 067, جنوب محمدحسين, کرمانشاه 088061"
"92397493597","952124846","4101693967","295","10008 زینب جزیره واحد 387, غرب اميرعلي, خراسان رضوی 3520"
"15663639370","771510858","9249294939","192","3073 امیرعباس کوچه واحد 012, بندر امیرعباس, سیستان و بلوچستان 4841"
"11857134636","523951341","8646229769","208","522 اميرعباس جاده, شهرستان عسل, سیستان و بلوچستان 48126"
"11857134636","404391024","3977215014","201","370 عزیزی دره, روستای الناز, خراسان 379909"
"34940124807","387252629","3251787868","242","580 زهرا آزاد راه, استان سوگند, ایلام 35206"
"57887985047","297143450","1626047576","244","54152 هنری جزیره واحد 137, روستای عباس, بوشهر 7450"
"10800956955","56352803","5967051970","225","00500 محدثه آزاد راه, دهستان معصومه, مازندران 32540"
"10800956955","987909212","6620860464","191","27436 کيانا بن بست واحد 588, شرق امیرمهدی, هرمزگان 587648"
"40727932320","388179878","1727056845","96","40463 هستی دره, شمال محمدامین, اردبیل 48386"
"91292880953","407153128","7909014063","169","60844 عبدالعلی تونل سوئیت 827, غرب سوگند, کرمان 3199"
"75588864576","794685596","3895202713","205","8664 دادفر پل واحد 562, شهرستان مبينا, کردستان 355994"
"75588864576","410122039","5553626449","215","611 هوشیار کوه سوئیت 410, باغات هليا, ایلام 1523"
"91220466303","479070059","9047803263","204","1261 آیدا کوه سوئیت 242, شهرستان امیرمحمد, زنجان 69427"
"91220466303","353359467","6779285600","123","4316 رستمی بلوار, استان رها, خراسان رضوی 056"
"90072871913","243048210","3939692535","240","901 بهمنی چهار راه سوئیت 224, استان علي, خراسان 39837"
"16467882348","614882936","8357935314","83","6508 صارمی پل, شمال امیر علی, مازندران 38451"
"91162750689","992703858","8565625118","246","1623 سینا بزرگ راه, بندر باران, کرمانشاه 46416"
"91162750689","754912648","9797157782","256","997 شبیری جزیره سوئیت 210, بندر ثنا, قم 1456607918"
"93787962301","447797493","9687029802","226","3999 عقیلی جنب, روستای ملیكا, خراسان رضوی 3271499999"
"93787962301","759457770","2365489349","108","7984 ياسمين بلوار, شمال هلیا, خراسان جنوبی 0805381715"
"27898951846","240732866","1435236182","110","282 سجاد بن بست واحد 485, شرق ايليا, هرمزگان 174536"
"53678864142","816316025","2376690611","210","26827 حنانه جنب واحد 996, دهستان علي, قزوین 120881"
"53678864142","141392683","3415596657","261","0890 عباسی دره واحد 708, دهستان النا, کردستان 5932087673"
"37488019196","620581560","3734746942","106","0814 محمدیاسین خیابان سوئیت 488, شرق پریا, اصفهان 925"
"37488019196","634210127","9125625612","229","617 عباس بن بست, جنوب سبحان, زنجان 53075"
"85478559442","912892192","2478111717","115","40131 جنتی آزاد راه سوئیت 331, بندر عباس, بوشهر 6759010841"
"86417096553","285436152","1733347079","126","9605 هاشمی کوچه, شمال ستايش, هرمزگان 0437"
"33837096466","971434408","3952034643","197","7840 عرفان میدان سوئیت 001, روستای متين, گلستان 1669209845"
"33837096466","503282164","3488600607","298","0832 الینا تونل واحد 225, شمال الینا, گلستان 881"
"39379516831","112904972","3308408737","286","37034 عباس جاده, شهرستان مائده, تهران 3552222607"
"30926955247","552496872","2352086167","193","42666 عسل جاده سوئیت 283, روستای نازنين, خراسان رضوی 27084"
"30926955247","550650729","5093156075","249","2296 علی پور چهار راه واحد 239, شهرستان علی اكبر, اردبیل 922160"
"12221817893","118010395","5731618859","84","7698 محدثه جاده واحد 144, باغات بنیامین, البرز 00285"
"61966063191","582529982","6480196575","94","517 علی پور آزاد راه, شهرستان مهدیه, بوشهر 865358"
